Workbook

Sheet Dashboard_Executivo
H2: =TEXT(DATE(YEAR(TODAY()),MONTH(TODAY())-1,1),"AAAA-mm") -> 2026-09 | I2: =TEXT(TODAY(),"AAAA-mm") -> 2026-10
B3: Indicador | C3: Valor | G3: Região | H3: Mês Anterior | I3: Mês Atual | J3: Crescimento (MoM %)
B4: Atingimento (%) | C4: =C7/C5 -> 0.778 | G4: Sul | H4: =SUMIFS(Dados_Consolidados!$C:$C, Dados_Consolidados!$B:$B, $G4, Dados_Consolidados!$A:$A, $H$2) -> 18000 | I4: =SUMIFS(Dados_Consolidados!$C:$C, Dados_Consolidados!$B:$B, $G4, Dados_Consolidados!$A:$A, $I$2) -> 64200 | J4: =IFERROR((I4 - H4) / H4, 0) -> 2.5666667
B5: Meta do Mês | C5: 600000 | G5: Sudeste | H5: =SUMIFS(Dados_Consolidados!$C:$C, Dados_Consolidados!$B:$B, $G5, Dados_Consolidados!$A:$A, $H$2) -> 112500 | I5: =SUMIFS(Dados_Consolidados!$C:$C, Dados_Consolidados!$B:$B, $G5, Dados_Consolidados!$A:$A, $I$2) -> 45600 | J5: =IFERROR((I5 - H5) / H5, 0) -> -0.59466667
B6: Desvio (R$) | C6: =C7-C5 -> -133200 | G6: Centro-Oeste | H6: =SUMIFS(Dados_Consolidados!$C:$C, Dados_Consolidados!$B:$B, $G6, Dados_Consolidados!$A:$A, $H$2) -> 0 | I6: =SUMIFS(Dados_Consolidados!$C:$C, Dados_Consolidados!$B:$B, $G6, Dados_Consolidados!$A:$A, $I$2) -> 0 | J6: =IFERROR((I6 - H6) / H6, 0) -> 0
B7: Faturamento Realizado | C7: =SUM(vw_resumo_mensal[faturamento_total]) -> 466800 | G7: Nordeste | H7: =SUMIFS(Dados_Consolidados!$C:$C, Dados_Consolidados!$B:$B, $G7, Dados_Consolidados!$A:$A, $H$2) -> 15000 | I7: =SUMIFS(Dados_Consolidados!$C:$C, Dados_Consolidados!$B:$B, $G7, Dados_Consolidados!$A:$A, $I$2) -> 54000 | J7: =IFERROR((I7 - H7) / H7, 0) -> 2.6
B8: Ticket Médio Geral | C8: =AVERAGE(vw_resumo_mensal[ticket_medio]) -> 29928.333 | G8: Norte | H8: =SUMIFS(Dados_Consolidados!$C:$C, Dados_Consolidados!$B:$B, $G8, Dados_Consolidados!$A:$A, $H$2) -> 0 | I8: =SUMIFS(Dados_Consolidados!$C:$C, Dados_Consolidados!$B:$B, $G8, Dados_Consolidados!$A:$A, $I$2) -> 67000 | J8: =IFERROR((I8 - H8) / H8, 0) -> 0
B9: Total de Pedidos | C9: =SUM(vw_resumo_mensal[qtd_pedidos]) -> 21
B12: Faturamento Total | C12: Mes
B13: por Região | C13: 2026-08 | D13: 2026-09 | E13: 2026-10
B14: Nordeste | C14: 17500 | D14: 15000 | E14: 54000
B15: Norte | E15: 67000
B16: Sudeste | C16: 28000 | D16: 112500 | E16: 45600
B17: Sul | C17: 45000 | D17: 18000 | E17: 64200

Sheet Dados_Consolidados
A1: mes_ano | B1: filial | C1: faturamento_total | D1: ticket_medio | E1: qtd_pedidos
A2: 2026-08 | B2: Nordeste | C2: 17500 | D2: 17500 | E2: 1
A3: 2026-09 | B3: Nordeste | C3: 15000 | D3: 15000 | E3: 1
A4: 2026-10 | B4: Nordeste | C4: 54000 | D4: 13500 | E4: 4
A5: 2026-10 | B5: Norte | C5: 67000 | D5: 22333.333 | E5: 3
A6: 2026-08 | B6: Sudeste | C6: 28000 | D6: 28000 | E6: 1
A7: 2026-09 | B7: Sudeste | C7: 112500 | D7: 112500 | E7: 1
A8: 2026-10 | B8: Sudeste | C8: 45600 | D8: 11400 | E8: 4
A9: 2026-08 | B9: Sul | C9: 45000 | D9: 45000 | E9: 1
A10: 2026-09 | B10: Sul | C10: 18000 | D10: 18000 | E10: 1
A11: 2026-10 | B11: Sul | C11: 64200 | D11: 16050 | E11: 4

Sheet stg_vendas
A1: id_venda | B1: data_venda | C1: filial | D1: produto | E1: quantidade | F1: valor_unitario | G1: valor_total | H1: data_carga
A2: 106 | B2: 46308 | C2: Sul | D2: Notebook Pro | E2: 5 | F2: 4500 | G2: 22500 | H2: 46308.482
A3: 107 | B3: 46308 | C3: Sudeste | D3: Monitor 27 | E3: 12 | F3: 1400 | G3: 16800 | H3: 46308.482
A4: 108 | B4: 46308 | C4: Nordeste | D4: Teclado Mecânico | E4: 25 | F4: 350 | G4: 8750 | H4: 46308.482
A5: 109 | B5: 46308 | C5: Sul | D5: Cadeira Ergonômica | E5: 8 | F5: 1200 | G5: 9600 | H5: 46308.482
A6: 110 | B6: 46308 | C6: Sudeste | D6: Mouse Sem Fio | E6: 40 | F6: 150 | G6: 6000 | H6: 46308.482
A7: 111 | B7: 46308 | C7: Norte | D7: Mouse Sem Fio | E7: 20 | F7: 150 | G7: 3000 | H7: 46308.482
A8: 112 | B8: 46308 | C8: Norte | D8: Cadeira Ergonômica | E8: 30 | F8: 1200 | G8: 36000 | H8: 46308.482
A9: 113 | B9: 46308 | C9: Norte | D9: Monitor 27 | E9: 20 | F9: 1400 | G9: 28000 | H9: 46308.482
A10: 114 | B10: 46308 | C10: Nordeste | D10: Teclado Mecânico | E10: 40 | F10: 350 | G10: 14000 | H10: 46308.482
A11: 115 | B11: 46308 | C11: Nordeste | D11: Notebook Pro | E11: 5 | F11: 4500 | G11: 22500 | H11: 46308.482
